Lcom/android/adservices/flags/CustomFeatureFlags;->adIdCacheEnabled()Z,unsupported
Lcom/android/adservices/flags/CustomFeatureFlags;->adextDataServiceApisEnabled()Z,unsupported
Lcom/android/adservices/flags/CustomFeatureFlags;->adservicesEnablePerModuleOverridesApi()Z,unsupported
Lcom/android/adservices/flags/CustomFeatureFlags;->adservicesEnablementCheckEnabled()Z,unsupported
Lcom/android/adservices/flags/CustomFeatureFlags;->adservicesOutcomereceiverRApiDeprecated()Z,unsupported
Lcom/android/adservices/flags/CustomFeatureFlags;->adservicesOutcomereceiverRApiEnabled()Z,unsupported
Lcom/android/adservices/flags/CustomFeatureFlags;->enableAdservicesApiEnabled()Z,unsupported
Lcom/android/adservices/flags/CustomFeatureFlags;->fledgeAdSelectionFilteringEnabled()Z,unsupported
Lcom/android/adservices/flags/CustomFeatureFlags;->fledgeAuctionServerGetAdSelectionDataIdEnabled()Z,unsupported
Lcom/android/adservices/flags/CustomFeatureFlags;->fledgeCustomAudienceAuctionServerRequestFlagsEnabled()Z,unsupported
Lcom/android/adservices/flags/CustomFeatureFlags;->fledgeEnableCustomAudienceComponentAds()Z,unsupported
Lcom/android/adservices/flags/CustomFeatureFlags;->fledgeEnableReportEventForComponentSeller()Z,unsupported
Lcom/android/adservices/flags/CustomFeatureFlags;->fledgeEnableScheduleCustomAudienceDefaultPartialCustomAudiencesConstructor()Z,unsupported
Lcom/android/adservices/flags/CustomFeatureFlags;->fledgeEnableWinningSellerIdInAdSelectionOutcome()Z,unsupported
Lcom/android/adservices/flags/CustomFeatureFlags;->fledgeGetAdSelectionDataSellerConfigurationEnabled()Z,unsupported
Lcom/android/adservices/flags/CustomFeatureFlags;->fledgeScheduleCustomAudienceUpdateEnabled()Z,unsupported
Lcom/android/adservices/flags/CustomFeatureFlags;->fledgeServerAuctionMultiCloudEnabled()Z,unsupported
Lcom/android/adservices/flags/CustomFeatureFlags;->getAdservicesCommonStatesApiEnabled()Z,unsupported
Lcom/android/adservices/flags/CustomFeatureFlags;->protectedSignalsEnabled()Z,unsupported
Lcom/android/adservices/flags/CustomFeatureFlags;->sdksandboxInvalidateEffectiveTargetSdkVersionCache()Z,unsupported
Lcom/android/adservices/flags/CustomFeatureFlags;->sdksandboxUseEffectiveTargetSdkVersionForRestrictions()Z,unsupported
Lcom/android/adservices/flags/CustomFeatureFlags;->topicsEncryptionEnabled()Z,unsupported
Lcom/android/adservices/flags/FeatureFlags;->adIdCacheEnabled()Z,unsupported
Lcom/android/adservices/flags/FeatureFlags;->adextDataServiceApisEnabled()Z,unsupported
Lcom/android/adservices/flags/FeatureFlags;->adservicesEnablePerModuleOverridesApi()Z,unsupported
Lcom/android/adservices/flags/FeatureFlags;->adservicesEnablementCheckEnabled()Z,unsupported
Lcom/android/adservices/flags/FeatureFlags;->adservicesOutcomereceiverRApiDeprecated()Z,unsupported
Lcom/android/adservices/flags/FeatureFlags;->adservicesOutcomereceiverRApiEnabled()Z,unsupported
Lcom/android/adservices/flags/FeatureFlags;->enableAdservicesApiEnabled()Z,unsupported
Lcom/android/adservices/flags/FeatureFlags;->fledgeAdSelectionFilteringEnabled()Z,unsupported
Lcom/android/adservices/flags/FeatureFlags;->fledgeAuctionServerGetAdSelectionDataIdEnabled()Z,unsupported
Lcom/android/adservices/flags/FeatureFlags;->fledgeCustomAudienceAuctionServerRequestFlagsEnabled()Z,unsupported
Lcom/android/adservices/flags/FeatureFlags;->fledgeEnableCustomAudienceComponentAds()Z,unsupported
Lcom/android/adservices/flags/FeatureFlags;->fledgeEnableReportEventForComponentSeller()Z,unsupported
Lcom/android/adservices/flags/FeatureFlags;->fledgeEnableScheduleCustomAudienceDefaultPartialCustomAudiencesConstructor()Z,unsupported
Lcom/android/adservices/flags/FeatureFlags;->fledgeEnableWinningSellerIdInAdSelectionOutcome()Z,unsupported
Lcom/android/adservices/flags/FeatureFlags;->fledgeGetAdSelectionDataSellerConfigurationEnabled()Z,unsupported
Lcom/android/adservices/flags/FeatureFlags;->fledgeScheduleCustomAudienceUpdateEnabled()Z,unsupported
Lcom/android/adservices/flags/FeatureFlags;->fledgeServerAuctionMultiCloudEnabled()Z,unsupported
Lcom/android/adservices/flags/FeatureFlags;->getAdservicesCommonStatesApiEnabled()Z,unsupported
Lcom/android/adservices/flags/FeatureFlags;->protectedSignalsEnabled()Z,unsupported
Lcom/android/adservices/flags/FeatureFlags;->sdksandboxInvalidateEffectiveTargetSdkVersionCache()Z,unsupported
Lcom/android/adservices/flags/FeatureFlags;->sdksandboxUseEffectiveTargetSdkVersionForRestrictions()Z,unsupported
Lcom/android/adservices/flags/FeatureFlags;->topicsEncryptionEnabled()Z,unsupported
Lcom/android/adservices/flags/FeatureFlagsImpl;->adIdCacheEnabled()Z,unsupported
Lcom/android/adservices/flags/FeatureFlagsImpl;->adextDataServiceApisEnabled()Z,unsupported
Lcom/android/adservices/flags/FeatureFlagsImpl;->adservicesEnablePerModuleOverridesApi()Z,unsupported
Lcom/android/adservices/flags/FeatureFlagsImpl;->adservicesEnablementCheckEnabled()Z,unsupported
Lcom/android/adservices/flags/FeatureFlagsImpl;->adservicesOutcomereceiverRApiDeprecated()Z,unsupported
Lcom/android/adservices/flags/FeatureFlagsImpl;->adservicesOutcomereceiverRApiEnabled()Z,unsupported
Lcom/android/adservices/flags/FeatureFlagsImpl;->enableAdservicesApiEnabled()Z,unsupported
Lcom/android/adservices/flags/FeatureFlagsImpl;->fledgeAdSelectionFilteringEnabled()Z,unsupported
Lcom/android/adservices/flags/FeatureFlagsImpl;->fledgeAuctionServerGetAdSelectionDataIdEnabled()Z,unsupported
Lcom/android/adservices/flags/FeatureFlagsImpl;->fledgeCustomAudienceAuctionServerRequestFlagsEnabled()Z,unsupported
Lcom/android/adservices/flags/FeatureFlagsImpl;->fledgeEnableCustomAudienceComponentAds()Z,unsupported
Lcom/android/adservices/flags/FeatureFlagsImpl;->fledgeEnableReportEventForComponentSeller()Z,unsupported
Lcom/android/adservices/flags/FeatureFlagsImpl;->fledgeEnableScheduleCustomAudienceDefaultPartialCustomAudiencesConstructor()Z,unsupported
Lcom/android/adservices/flags/FeatureFlagsImpl;->fledgeEnableWinningSellerIdInAdSelectionOutcome()Z,unsupported
Lcom/android/adservices/flags/FeatureFlagsImpl;->fledgeGetAdSelectionDataSellerConfigurationEnabled()Z,unsupported
Lcom/android/adservices/flags/FeatureFlagsImpl;->fledgeScheduleCustomAudienceUpdateEnabled()Z,unsupported
Lcom/android/adservices/flags/FeatureFlagsImpl;->fledgeServerAuctionMultiCloudEnabled()Z,unsupported
Lcom/android/adservices/flags/FeatureFlagsImpl;->getAdservicesCommonStatesApiEnabled()Z,unsupported
Lcom/android/adservices/flags/FeatureFlagsImpl;->protectedSignalsEnabled()Z,unsupported
Lcom/android/adservices/flags/FeatureFlagsImpl;->sdksandboxInvalidateEffectiveTargetSdkVersionCache()Z,unsupported
Lcom/android/adservices/flags/FeatureFlagsImpl;->sdksandboxUseEffectiveTargetSdkVersionForRestrictions()Z,unsupported
Lcom/android/adservices/flags/FeatureFlagsImpl;->topicsEncryptionEnabled()Z,unsupported
Lcom/android/adservices/flags/Flags;->adIdCacheEnabled()Z,unsupported
Lcom/android/adservices/flags/Flags;->adextDataServiceApisEnabled()Z,unsupported
Lcom/android/adservices/flags/Flags;->adservicesEnablePerModuleOverridesApi()Z,unsupported
Lcom/android/adservices/flags/Flags;->adservicesEnablementCheckEnabled()Z,unsupported
Lcom/android/adservices/flags/Flags;->adservicesOutcomereceiverRApiDeprecated()Z,unsupported
Lcom/android/adservices/flags/Flags;->adservicesOutcomereceiverRApiEnabled()Z,unsupported
Lcom/android/adservices/flags/Flags;->enableAdservicesApiEnabled()Z,unsupported
Lcom/android/adservices/flags/Flags;->fledgeAdSelectionFilteringEnabled()Z,unsupported
Lcom/android/adservices/flags/Flags;->fledgeAuctionServerGetAdSelectionDataIdEnabled()Z,unsupported
Lcom/android/adservices/flags/Flags;->fledgeCustomAudienceAuctionServerRequestFlagsEnabled()Z,unsupported
Lcom/android/adservices/flags/Flags;->fledgeEnableCustomAudienceComponentAds()Z,unsupported
Lcom/android/adservices/flags/Flags;->fledgeEnableReportEventForComponentSeller()Z,unsupported
Lcom/android/adservices/flags/Flags;->fledgeEnableScheduleCustomAudienceDefaultPartialCustomAudiencesConstructor()Z,unsupported
Lcom/android/adservices/flags/Flags;->fledgeEnableWinningSellerIdInAdSelectionOutcome()Z,unsupported
Lcom/android/adservices/flags/Flags;->fledgeGetAdSelectionDataSellerConfigurationEnabled()Z,unsupported
Lcom/android/adservices/flags/Flags;->fledgeScheduleCustomAudienceUpdateEnabled()Z,unsupported
Lcom/android/adservices/flags/Flags;->fledgeServerAuctionMultiCloudEnabled()Z,unsupported
Lcom/android/adservices/flags/Flags;->getAdservicesCommonStatesApiEnabled()Z,unsupported
Lcom/android/adservices/flags/Flags;->protectedSignalsEnabled()Z,unsupported
Lcom/android/adservices/flags/Flags;->sdksandboxInvalidateEffectiveTargetSdkVersionCache()Z,unsupported
Lcom/android/adservices/flags/Flags;->sdksandboxUseEffectiveTargetSdkVersionForRestrictions()Z,unsupported
Lcom/android/adservices/flags/Flags;->topicsEncryptionEnabled()Z,unsupported
