<?xml version="1.0" encoding="UTF-8"?>
<root>
  <item name="android.adservices.common.AdServicesCommonManager ACTION_ADSERVICES_NOTIFICATION_DISPLAYED">
    <annotation name="androidx.annotation.RequiresPermission">
      <val name="anyOf" val="{&quot;android.permission.MODIFY_ADSERVICES_STATE&quot;, &quot;android.permission.MODIFY_ADSERVICES_STATE_COMPAT&quot;}" />
    </annotation>
  </item>
  <item name="android.adservices.common.AdServicesCommonManager ACTION_VIEW_ADSERVICES_CONSENT_PAGE">
    <annotation name="androidx.annotation.RequiresPermission">
      <val name="anyOf" val="{&quot;android.permission.MODIFY_ADSERVICES_STATE&quot;, &quot;android.permission.MODIFY_ADSERVICES_STATE_COMPAT&quot;}" />
    </annotation>
  </item>
  <item name="android.adservices.common.AdServicesCommonManager void enableAdServices(android.adservices.common.AdServicesStates, java.util.concurrent.Executor, android.adservices.common.AdServicesOutcomeReceiver&lt;java.lang.Boolean,java.lang.Exception&gt;)">
    <annotation name="androidx.annotation.RequiresPermission">
      <val name="anyOf" val="{&quot;android.permission.MODIFY_ADSERVICES_STATE&quot;, &quot;android.permission.MODIFY_ADSERVICES_STATE_COMPAT&quot;}" />
    </annotation>
  </item>
  <item name="android.adservices.common.AdServicesCommonManager void enableAdServices(android.adservices.common.AdServicesStates, java.util.concurrent.Executor, android.os.OutcomeReceiver&lt;java.lang.Boolean,java.lang.Exception&gt;)">
    <annotation name="androidx.annotation.RequiresPermission">
      <val name="anyOf" val="{&quot;android.permission.MODIFY_ADSERVICES_STATE&quot;, &quot;android.permission.MODIFY_ADSERVICES_STATE_COMPAT&quot;}" />
    </annotation>
  </item>
  <item name="android.adservices.common.AdServicesCommonManager void isAdServicesEnabled(java.util.concurrent.Executor, android.adservices.common.AdServicesOutcomeReceiver&lt;java.lang.Boolean,java.lang.Exception&gt;)">
    <annotation name="androidx.annotation.RequiresPermission">
      <val name="anyOf" val="{&quot;android.permission.ACCESS_ADSERVICES_STATE&quot;, &quot;android.permission.ACCESS_ADSERVICES_STATE_COMPAT&quot;}" />
    </annotation>
  </item>
  <item name="android.adservices.common.AdServicesCommonManager void isAdServicesEnabled(java.util.concurrent.Executor, android.os.OutcomeReceiver&lt;java.lang.Boolean,java.lang.Exception&gt;)">
    <annotation name="androidx.annotation.RequiresPermission">
      <val name="anyOf" val="{&quot;android.permission.ACCESS_ADSERVICES_STATE&quot;, &quot;android.permission.ACCESS_ADSERVICES_STATE_COMPAT&quot;}" />
    </annotation>
  </item>
  <item name="android.adservices.common.AdServicesCommonManager void requestAdServicesModuleOverrides(android.adservices.common.UpdateAdServicesModuleStatesParams, java.util.concurrent.Executor, android.adservices.common.AdServicesOutcomeReceiver&lt;java.lang.Void,java.lang.Exception&gt;)">
    <annotation name="androidx.annotation.RequiresPermission">
      <val name="anyOf" val="{&quot;android.permission.MODIFY_ADSERVICES_STATE&quot;, &quot;android.permission.MODIFY_ADSERVICES_STATE_COMPAT&quot;}" />
    </annotation>
  </item>
  <item name="android.adservices.common.AdServicesCommonManager void requestAdServicesModuleUserChoices(android.adservices.common.UpdateAdServicesUserChoicesParams, java.util.concurrent.Executor, android.adservices.common.AdServicesOutcomeReceiver&lt;java.lang.Void,java.lang.Exception&gt;)">
    <annotation name="androidx.annotation.RequiresPermission">
      <val name="anyOf" val="{&quot;android.permission.MODIFY_ADSERVICES_STATE&quot;, &quot;android.permission.MODIFY_ADSERVICES_STATE_COMPAT&quot;}" />
    </annotation>
  </item>
  <item name="android.adservices.common.AdServicesCommonManager void setAdServicesEnabled(boolean, boolean)">
    <annotation name="androidx.annotation.RequiresPermission">
      <val name="anyOf" val="{&quot;android.permission.MODIFY_ADSERVICES_STATE&quot;, &quot;android.permission.MODIFY_ADSERVICES_STATE_COMPAT&quot;}" />
    </annotation>
  </item>
  <item name="android.adservices.common.AdServicesCommonManager void updateAdId(android.adservices.common.UpdateAdIdRequest, java.util.concurrent.Executor, android.adservices.common.AdServicesOutcomeReceiver&lt;java.lang.Boolean,java.lang.Exception&gt;)">
    <annotation name="androidx.annotation.RequiresPermission">
      <val name="anyOf" val="{&quot;android.permission.UPDATE_PRIVILEGED_AD_ID&quot;, &quot;android.permission.UPDATE_PRIVILEGED_AD_ID_COMPAT&quot;}" />
    </annotation>
  </item>
  <item name="android.adservices.common.AdServicesCommonManager void updateAdId(android.adservices.common.UpdateAdIdRequest, java.util.concurrent.Executor, android.os.OutcomeReceiver&lt;java.lang.Boolean,java.lang.Exception&gt;)">
    <annotation name="androidx.annotation.RequiresPermission">
      <val name="anyOf" val="{&quot;android.permission.UPDATE_PRIVILEGED_AD_ID&quot;, &quot;android.permission.UPDATE_PRIVILEGED_AD_ID_COMPAT&quot;}" />
    </annotation>
  </item>
  <item name="android.adservices.common.UpdateAdServicesModuleStatesParams int getModuleState(int)">
    <annotation name="androidx.annotation.IntDef">
      <val name="value" val="{android.adservices.common.AdServicesCommonManager.MODULE_STATE_UNKNOWN, android.adservices.common.AdServicesCommonManager.MODULE_STATE_ENABLED, android.adservices.common.AdServicesCommonManager.MODULE_STATE_DISABLED}" />
    </annotation>
  </item>
  <item name="android.adservices.common.UpdateAdServicesModuleStatesParams int getModuleState(int) 0">
    <annotation name="androidx.annotation.IntDef">
      <val name="value" val="{android.adservices.common.AdServicesCommonManager.MODULE_MEASUREMENT, android.adservices.common.AdServicesCommonManager.MODULE_PROTECTED_AUDIENCE, android.adservices.common.AdServicesCommonManager.MODULE_PROTECTED_APP_SIGNALS, android.adservices.common.AdServicesCommonManager.MODULE_TOPICS, android.adservices.common.AdServicesCommonManager.MODULE_ON_DEVICE_PERSONALIZATION, android.adservices.common.AdServicesCommonManager.MODULE_ADID}" />
    </annotation>
  </item>
  <item name="android.adservices.common.UpdateAdServicesModuleStatesParams int getNotificationType()">
    <annotation name="androidx.annotation.IntDef">
      <val name="value" val="{android.adservices.common.AdServicesCommonManager.NOTIFICATION_NONE, android.adservices.common.AdServicesCommonManager.NOTIFICATION_ONGOING, android.adservices.common.AdServicesCommonManager.NOTIFICATION_REGULAR}" />
    </annotation>
  </item>
  <item name="android.adservices.common.UpdateAdServicesModuleStatesParams.Builder android.adservices.common.UpdateAdServicesModuleStatesParams.Builder setModuleState(int, int) 0">
    <annotation name="androidx.annotation.IntDef">
      <val name="value" val="{android.adservices.common.AdServicesCommonManager.MODULE_MEASUREMENT, android.adservices.common.AdServicesCommonManager.MODULE_PROTECTED_AUDIENCE, android.adservices.common.AdServicesCommonManager.MODULE_PROTECTED_APP_SIGNALS, android.adservices.common.AdServicesCommonManager.MODULE_TOPICS, android.adservices.common.AdServicesCommonManager.MODULE_ON_DEVICE_PERSONALIZATION, android.adservices.common.AdServicesCommonManager.MODULE_ADID}" />
    </annotation>
  </item>
  <item name="android.adservices.common.UpdateAdServicesModuleStatesParams.Builder android.adservices.common.UpdateAdServicesModuleStatesParams.Builder setModuleState(int, int) 1">
    <annotation name="androidx.annotation.IntDef">
      <val name="value" val="{android.adservices.common.AdServicesCommonManager.MODULE_STATE_UNKNOWN, android.adservices.common.AdServicesCommonManager.MODULE_STATE_ENABLED, android.adservices.common.AdServicesCommonManager.MODULE_STATE_DISABLED}" />
    </annotation>
  </item>
  <item name="android.adservices.common.UpdateAdServicesModuleStatesParams.Builder android.adservices.common.UpdateAdServicesModuleStatesParams.Builder setNotificationType(int) 0">
    <annotation name="androidx.annotation.IntDef">
      <val name="value" val="{android.adservices.common.AdServicesCommonManager.NOTIFICATION_NONE, android.adservices.common.AdServicesCommonManager.NOTIFICATION_ONGOING, android.adservices.common.AdServicesCommonManager.NOTIFICATION_REGULAR}" />
    </annotation>
  </item>
  <item name="android.adservices.common.UpdateAdServicesUserChoicesParams int getUserChoice(int)">
    <annotation name="androidx.annotation.IntDef">
    </annotation>
  </item>
  <item name="android.adservices.common.UpdateAdServicesUserChoicesParams int getUserChoice(int) 0">
  </item>
  <item name="android.adservices.common.UpdateAdServicesUserChoicesParams.Builder android.adservices.common.UpdateAdServicesUserChoicesParams.Builder setUserChoice(int, int) 0">
  </item>
  <item name="android.adservices.common.UpdateAdServicesUserChoicesParams.Builder android.adservices.common.UpdateAdServicesUserChoicesParams.Builder setUserChoice(int, int) 1">
    <annotation name="androidx.annotation.IntDef">
    </annotation>
  </item>
</root>

